Row ID,Order ID,Order Date,Ship Date,Ship Mode,Customer ID,Customer Name,Segment,City,State,Country,Market,Region,Product ID,Category,Sub-Category,Product Name,Sales,Quantity,Discount,Profit,Shipping Cost,Order Priority
32298,CA-2012-124891,31-07-2012,31-07-2012,Same Day,RH-19495,Rick Hansen,Consumer,New York City,New York,United States,US,East,TEC-AC-10003033,Technology,Accessories,Plantronics CS510 - Over-the-Head monaural Wireless Headset System,2309.65,7,0.0,762.1845,933.57,Critical
26341,IN-2013-77878,05-02-2013,07-02-2013,Second Class,JR-16210,Justin Ritter,Corporate,Wollongong,New South Wales,Australia,APAC,Oceania,FUR-CH-10003950,Furniture,Chairs,"Novimex Executive Leather Armchair, Black",3709.395,9,0.1,-288.765,923.63,Critical
25330,IN-2013-71249,17-10-2013,18-10-2013,First Class,CR-12730,Craig Reiter,Consumer,Brisbane,Queensland,Australia,APAC,Oceania,TEC-PH-10004664,Technology,Phones,"Nokia Smart Phone, with Caller ID",5175.171,9,0.1,919.971,915.49,Medium
13524,ES-2013-1579342,28-01-2013,30-01-2013,First Class,KM-16375,Katherine Murray,Home Office,Berlin,Berlin,Germany,EU,Central,TEC-PH-10004583,Technology,Phones,"Motorola Smart Phone, Cordless",2892.51,5,0.1,-96.54,910.16,Medium
47221,SG-2013-4320,05-11-2013,06-11-2013,Same Day,RH-9495,Rick Hansen,Consumer,Dakar,Dakar,Senegal,Africa,Africa,TEC-SHA-10000501,Technology,Copiers,"Sharp Wireless Fax, High-Speed",2832.96,8,0.0,311.52,903.04,Critical
22732,IN-2013-42360,28-06-2013,01-07-2013,Second Class,JM-15655,Jim Mitchum,Corporate,Sydney,New South Wales,Australia,APAC,Oceania,TEC-PH-10000030,Technology,Phones,"Samsung Smart Phone, with Caller ID",2862.675,5,0.1,763.275,897.35,Critical
30570,IN-2011-81826,07-11-2011,09-11-2011,First Class,TS-21340,Toby Swindell,Consumer,Porirua,Wellington,New Zealand,APAC,Oceania,FUR-CH-10004050,Furniture,Chairs,"Novimex Executive Leather Armchair, Adjustable",1822.08,4,0.0,564.84,894.77,Critical
31192,IN-2012-86369,14-04-2012,18-04-2012,Standard Class,MB-18085,Mick Brown,Consumer,Hamilton,Waikato,New Zealand,APAC,Oceania,FUR-TA-10002958,Furniture,Tables,"Chromcraft Conference Table, Fully Assembled",5244.84,6,0.0,996.48,878.38,High
40155,CA-2014-135909,14-10-2014,21-10-2014,Standard Class,JW-15220,Jane Waco,Corporate,Sacramento,California,United States,US,West,OFF-BI-10003527,Office Supplies,Binders,Fellowes PB500 Electric Punch Plastic Comb Binding Machine with Manual Bind,5083.96,5,0.2,1906.485,867.69,Low
40936,CA-2012-116638,28-01-2012,31-01-2012,Second Class,JH-15985,Joseph Holt,Consumer,Concord,North Carolina,United States,US,South,FUR-TA-10000198,Furniture,Tables,Chromcraft Bull-Nose Wood Oval Conference Tables & Bases,4297.644,13,0.4,-1862.3124,865.74,Critical
34577,CA-2011-102988,05-04-2011,09-04-2011,Second Class,GM-14695,Greg Maxwell,Corporate,Alexandria,Virginia,United States,US,South,OFF-SU-10002881,Office Supplies,Supplies,Martin Yale Chadless Opener Electric Letter Opener,4164.05,5,0.0,83.281,846.54,High
28879,ID-2012-28402,19-04-2012,22-04-2012,First Class,AJ-10780,Anthony Jacobs,Corporate,Kabul,Kabul,Afghanistan,APAC,Central Asia,FUR-TA-10001889,Furniture,Tables,"Bevis Conference Table, Fully Assembled",4626.15,5,0.0,647.55,835.57,High
45794,SA-2011-1830,27-12-2011,29-12-2011,Second Class,MM-7260,Magdelene Morse,Consumer,Jizan,Jizan,Saudi Arabia,EMEA,EMEA,TEC-CIS-10001717,Technology,Phones,"Cisco Smart Phone, with Caller ID",2616.96,4,0.0,1151.4,832.41,Critical
4132,MX-2012-130015,13-11-2012,13-11-2012,Same Day,VF-21715,Vicky Freymann,Home Office,Toledo,Parana,Brazil,LATAM,South,FUR-CH-10002033,Furniture,Chairs,"Harbour Creations Executive Leather Armchair, Adjustable",2221.8,7,0.0,622.02,810.25,Critical
27704,IN-2013-73951,06-06-2013,08-06-2013,Second Class,PF-19120,Peter Fuller,Consumer,Mudanjiang,Heilongjiang,China,APAC,North Asia,OFF-AP-10003500,Office Supplies,Appliances,"KitchenAid Microwave, White",3701.52,12,0.0,1036.08,804.54,Critical
13779,ES-2014-5099955,31-07-2014,03-08-2014,Second Class,BP-11185,Ben Peterman,Corporate,Paris,Ile-de-France,France,EU,Central,OFF-AP-10000423,Office Supplies,Appliances,"Breville Refrigerator, Red",1869.588,4,0.1,186.948,801.66,Critical
36178,CA-2014-143567,03-11-2014,06-11-2014,Second Class,TB-21175,Thomas Boland,Corporate,Henderson,Kentucky,United States,US,South,TEC-AC-10004145,Technology,Accessories,Logitech diNovo Edge Keyboard,2249.91,9,0.0,517.4793,780.7,Critical
12069,ES-2014-1651774,08-09-2014,14-09-2014,Standard Class,PJ-18835,Patrick Jones,Corporate,Prato,Tuscany,Italy,EU,South,OFF-AP-10004512,Office Supplies,Appliances,"Hoover Stove, Red",7958.58,14,0.0,3979.08,778.32,Low
22096,IN-2014-11763,31-01-2014,01-02-2014,First Class,JS-15685,Jim Sink,Corporate,Townsville,Queensland,Australia,APAC,Oceania,TEC-CO-10000865,Technology,Copiers,"Brother Fax Machine, High-Speed",2565.594,9,0.1,28.404,766.93,Critical
49463,TZ-2014-8190,05-12-2014,07-12-2014,Second Class,RH-9555,Ritsa Hightower,Consumer,Uvinza,Kigoma,Tanzania,Africa,Africa,OFF-KIT-10004058,Office Supplies,Appliances,"KitchenAid Stove, White",3409.74,6,0.0,818.28,763.38,High
46630,PL-2012-7820,08-08-2012,10-08-2012,First Class,AB-600,Ann Blume,Corporate,Bytom,Silesia,Poland,EMEA,EMEA,FUR-HON-10000224,Furniture,Tables,"Hon Computer Table, with Bottom Storage",1977.72,4,0.0,276.84,759.47,Critical
31784,CA-2011-154627,29-10-2011,31-10-2011,First Class,SA-20830,Sue Ann Reed,Consumer,Chicago,Illinois,United States,US,Central,TEC-PH-10001363,Technology,Phones,Apple iPhone 5S,2735.952,6,0.2,341.994,752.51,High
21586,IN-2011-44803,02-05-2011,03-05-2011,First Class,JK-15325,Jason Klamczynski,Corporate,Suzhou,Anhui,China,APAC,North Asia,FUR-CH-10000027,Furniture,Chairs,"SAFCO Executive Leather Armchair, Black",2754.0,6,0.0,358.02,752.47,Critical
13528,ES-2013-2860574,27-02-2013,01-03-2013,Second Class,LB-16795,Laurel Beltran,Home Office,Edinburgh,Scotland,United Kingdom,EU,North,OFF-AP-10003590,Office Supplies,Appliances,"KitchenAid Refrigerator, Black",5273.7,10,0.0,1898.4,730.91,High
1570,US-2014-133193,31-07-2014,01-08-2014,First Class,NP-18325,Naresj Patel,Consumer,Juárez,Chihuahua,Mexico,LATAM,North,TEC-PH-10004182,Technology,Phones,"Motorola Smart Phone, Full Size",1713.84,4,0.0,445.52,728.97,Critical
3484,MX-2014-165309,05-09-2014,08-09-2014,First Class,VD-21670,Valerie Dominguez,Consumer,Soyapango,San Salvador,El Salvador,LATAM,Central,FUR-TA-10002827,Furniture,Tables,"Hon Computer Table, Fully Assembled",2106.496,8,0.2,526.496,728.39,Critical
30191,IN-2011-10286,17-12-2011,20-12-2011,First Class,PB-19210,Phillip Breyer,Corporate,Taipei,Taipei City,Taiwan,APAC,North Asia,FUR-TA-10004744,Furniture,Tables,"Lesro Conference Table, with Bottom Storage",1715.16,2,0.0,720.36,725.57,Critical
11645,ES-2011-4699764,14-03-2011,17-03-2011,Second Class,EB-14110,Eugene Barchas,Consumer,Leipzig,Saxony,Germany,EU,Central,OFF-AP-10004512,Office Supplies,Appliances,"Hoover Stove, Red",3069.738,6,0.1,1364.238,725.34,Critical
37311,CA-2013-159016,11-03-2013,12-03-2013,First Class,KF-16285,Karen Ferguson,Home Office,Los Angeles,California,United States,US,West,TEC-PH-10002885,Technology,Phones,Apple iPhone 5,4158.912,8,0.2,363.9048,714.66,High
22999,IN-2012-44810,25-02-2012,25-02-2012,Same Day,BP-11230,Benjamin Patterson,Consumer,Surat,Gujarat,India,APAC,Central Asia,FUR-CH-10001415,Furniture,Chairs,"Office Star Executive Leather Armchair, Red",1878.72,4,0.0,582.36,704.08,Critical
220,US-2011-128776,28-12-2011,30-12-2011,Second Class,RR-19525,Rick Reed,Corporate,Santo Domingo,Santo Domingo,Dominican Republic,LATAM,Caribbean,TEC-PH-10002815,Technology,Phones,"Samsung Smart Phone, VoIP",1696.64,5,0.2,-148.46,704.06,Critical
10648,ES-2012-5870268,17-07-2012,19-07-2012,First Class,BS-11365,Bill Shonely,Corporate,Saint-Brieuc,Brittany,France,EU,Central,TEC-MA-10000161,Technology,Machines,"Okidata Inkjet, Wireless",2402.865,9,0.15,763.155,699.55,Critical
32735,CA-2012-139731,15-10-2012,15-10-2012,Same Day,JE-15745,Joel Eaton,Consumer,Amarillo,Texas,United States,US,Central,FUR-CH-10002024,Furniture,Chairs,HON 5400 Series Task Chairs for Big and Tall,2453.43,5,0.3,-350.49,690.42,High
21286,IN-2011-28087,03-11-2011,05-11-2011,Second Class,DP-13105,Dave Poirier,Corporate,Gold Coast,Queensland,Australia,APAC,Oceania,OFF-AP-10004246,Office Supplies,Appliances,"Breville Stove, Red",2526.93,5,0.1,561.48,689.8,Critical
32543,CA-2011-168494,12-12-2011,14-12-2011,Second Class,NP-18700,Nora Preis,Consumer,Fresno,California,United States,US,West,FUR-TA-10003473,Furniture,Tables,Bretford Rectangular Conference Table Tops,3610.848,12,0.2,135.4068,683.12,High
47905,CG-2011-8610,14-09-2011,15-09-2011,First Class,AH-30,Aaron Hawkins,Corporate,Kamina,Katanga,Democratic Republic of the Congo,Africa,Africa,TEC-APP-10000308,Technology,Phones,"Apple Smart Phone, Full Size",3817.26,6,0.0,1068.66,678.15,High
36423,CA-2011-160766,14-09-2011,14-09-2011,Same Day,DM-13015,Darrin Martin,Consumer,New York City,New York,United States,US,East,TEC-MA-10003979,Technology,Machines,Ativa V4110MDD Micro-Cut Shredder,2799.96,4,0.0,1371.9804,675.15,High
31980,US-2014-168116,05-11-2014,05-11-2014,Same Day,GT-14635,Grant Thornton,Corporate,Burlington,North Carolina,United States,US,South,TEC-MA-10004125,Technology,Machines,Cubify CubeX 3D Printer Triple Head Print,7999.98,4,0.5,-3839.9904,674.82,High
15380,ES-2014-2637201,14-01-2014,18-01-2014,Standard Class,PO-18865,Patrick O'Donnell,Consumer,Stockton-on-Tees,England,United Kingdom,EU,North,TEC-CO-10000013,Technology,Copiers,"Brother Fax Machine, Laser",4141.02,13,0.0,1697.67,668.96,High
28046,IN-2011-61302,10-01-2011,11-01-2011,First Class,DL-12865,Dan Lawera,Consumer,Brisbane,Queensland,Australia,APAC,Oceania,TEC-PH-10004664,Technology,Phones,"Nokia Smart Phone, with Caller ID",2875.095,5,0.1,511.095,665.27,Medium
21316,ID-2013-63976,22-08-2013,26-08-2013,Standard Class,JB-16000,Joy Bell-,Consumer,Mataram,Nusa Tenggara Barat,Indonesia,APAC,Southeast Asia,TEC-PH-10000499,Technology,Phones,"Motorola Smart Phone, Full Size",3200.5962,6,0.17,-77.2038,660.87,High
29272,IN-2014-37320,11-11-2014,15-11-2014,Standard Class,BF-11005,Barry Franz,Home Office,Gorakhpur,Haryana,India,APAC,Central Asia,TEC-PH-10003856,Technology,Phones,"Motorola Smart Phone, with Caller ID",4518.78,7,0.0,632.52,658.69,High
25795,IN-2014-76016,26-09-2014,28-09-2014,Second Class,VG-21805,Vivek Grady,Corporate,Thiruvananthapuram,Kerala,India,APAC,Central Asia,FUR-BO-10004852,Furniture,Bookcases,"Sauder Classic Bookcase, Traditional",5667.87,13,0.0,2097.03,658.35,Medium
16681,ES-2012-5877219,13-12-2012,17-12-2012,Standard Class,GT-14710,Greg Tran,Consumer,Huddersfield,England,United Kingdom,EU,North,TEC-PH-10004583,Technology,Phones,"Motorola Smart Phone, Cordless",5785.02,9,0.0,404.73,656.73,High
15953,IT-2011-3183678,23-09-2011,25-09-2011,First Class,ZC-21910,Zuschuss Carroll,Consumer,Berlin,Berlin,Germany,EU,Central,OFF-AP-10000486,Office Supplies,Appliances,"Cuisinart Stove, Silver",3018.624,7,0.2,377.244,655.91,Critical
35395,CA-2011-116904,23-09-2011,28-09-2011,Standard Class,SC-20095,Sanjit Chand,Consumer,Minneapolis,Minnesota,United States,US,Central,OFF-BI-10001120,Office Supplies,Binders,Ibico EPK-21 Electric Binding System,9449.95,5,0.0,4630.4755,655.61,Medium
13847,IT-2013-3085011,08-03-2013,08-03-2013,Same Day,EB-13840,Ellis Ballard,Corporate,Montreuil,Ile-de-France,France,EU,Central,FUR-CH-10003365,Furniture,Chairs,"Office Star Executive Leather Armchair, Adjustable",2092.5,5,0.1,720.75,652.98,Critical
24341,IN-2014-50473,28-08-2014,29-08-2014,First Class,AP-10915,Arthur Prichep,Consumer,Shouguang,Shandong,China,APAC,North Asia,FUR-CH-10000602,Furniture,Chairs,"Novimex Executive Leather Armchair, Red",2761.2,6,0.0,110.34,644.75,High
28701,IN-2014-35983,01-05-2014,01-05-2014,Same Day,SW-20275,Scott Williamson,Consumer,Jamshedpur,Jharkhand,India,APAC,Central Asia,TEC-MA-10002680,Technology,Machines,"Konica Inkjet, White",2174.13,7,0.0,500.01,637.86,Critical
6550,MX-2014-126984,18-12-2014,20-12-2014,Second Class,JH-15820,John Huston,Consumer,Paysandú,Paysandú,Uruguay,LATAM,South,FUR-CH-10000891,Furniture,Chairs,"Harbour Creations Executive Leather Armchair, Black",3473.14,11,0.0,868.12,634.53,High
40046,US-2012-163825,16-06-2012,19-06-2012,First Class,LC-16885,Lena Creighton,Consumer,New York City,New York,United States,US,East,OFF-BI-10003527,Office Supplies,Binders,Fellowes PB500 Electric Punch Plastic Comb Binding Machine with Manual Bind,3050.376,3,0.2,1143.891,632.05,High
48360,IR-2014-8540,18-09-2014,21-09-2014,First Class,TG-11640,Trudy Glocke,Consumer,Behshahr,Mazandaran,Iran,EMEA,EMEA,TEC-CAN-10003392,Technology,Copiers,"Canon Copy Machine, Color",2108.64,8,0.0,527.04,630.97,Critical
38198,US-2014-135013,25-07-2014,25-07-2014,Same Day,HR-14830,Harold Ryan,Corporate,Huntington Beach,California,United States,US,West,TEC-CO-10001449,Technology,Copiers,Hewlett Packard LaserJet 3310 Copier,2399.96,5,0.2,839.986,630.05,High
30190,IN-2011-10286,17-12-2011,20-12-2011,First Class,PB-19210,Phillip Breyer,Corporate,Taipei,Taipei City,Taiwan,APAC,North Asia,FUR-BO-10001372,Furniture,Bookcases,"Safco Classic Bookcase, Pine",2197.5,5,0.0,153.75,627.27,Critical
42336,MZ-2013-3690,18-12-2013,18-12-2013,Same Day,DG-3300,Deirdre Greer,Corporate,Maputo,Cidade De Maputo,Mozambique,Africa,Africa,TEC-MOT-10002272,Technology,Phones,"Motorola Smart Phone, with Caller ID",2582.16,4,0.0,593.88,627.17,High
29047,IN-2012-66342,30-05-2012,31-05-2012,First Class,SG-20470,Sheri Gordon,Consumer,Bhopal,Madhya Pradesh,India,APAC,Central Asia,TEC-CO-10004997,Technology,Copiers,"Hewlett Wireless Fax, Color",1526.52,4,0.0,732.72,625.77,Critical
32941,CA-2012-111829,19-03-2012,20-03-2012,First Class,FH-14365,Fred Hopkins,Corporate,Seattle,Washington,United States,US,West,TEC-CO-10001766,Technology,Copiers,Canon PC940 Copier,3149.93,7,0.0,1480.4671,617.92,High
29601,IN-2012-48240,25-05-2012,28-05-2012,Second Class,GP-14740,Guy Phonely,Corporate,Delhi,Delhi,India,APAC,Central Asia,FUR-TA-10000226,Furniture,Tables,"Chromcraft Conference Table, with Bottom Storage",1745.34,2,0.0,226.86,616.27,Critical
23499,IN-2014-61792,05-08-2014,06-08-2014,First Class,MW-18220,Mitch Webber,Consumer,Geraldton,Western Australia,Australia,APAC,Oceania,OFF-AP-10002244,Office Supplies,Appliances,"Breville Refrigerator, White",4191.507,9,0.1,1164.267,614.34,High
35594,CA-2014-129021,24-08-2014,27-08-2014,Second Class,PO-18850,Patrick O'Brill,Consumer,Tallahassee,Florida,United States,US,South,TEC-PH-10001459,Technology,Phones,Samsung Galaxy Mega 6.3,4367.896,13,0.2,327.5922,609.44,Medium
26634,IN-2014-75470,11-03-2014,13-03-2014,Second Class,CS-12460,Chuck Sachs,Consumer,Dhaka,Dhaka,Bangladesh,APAC,Central Asia,FUR-BO-10001073,Furniture,Bookcases,"Safco Classic Bookcase, Metal",3063.27,7,0.0,581.91,609.24,High
39501,CA-2012-114811,08-11-2012,08-11-2012,Same Day,KD-16495,Keith Dawkins,Corporate,New York City,New York,United States,US,East,TEC-MA-10000045,Technology,Machines,Zebra ZM400 Thermal Label Printer,4643.8,4,0.0,2229.024,607.34,Medium
10522,ES-2014-4673578,11-08-2014,16-08-2014,Second Class,MS-17980,Michael Stewart,Corporate,Munster,Lower Saxony,Germany,EU,Central,TEC-PH-10002035,Technology,Phones,"Samsung Smart Phone, Cordless",4473.0,7,0.0,313.11,604.4,Medium
10549,IT-2013-3376681,31-08-2013,03-09-2013,First Class,KC-16675,Kimberly Carter,Corporate,Celle,Lower Saxony,Germany,EU,Central,TEC-PH-10002565,Technology,Phones,"Apple Audio Dock, with Caller ID",1502.01,9,0.0,225.18,600.21,Critical
25314,IN-2014-66615,18-01-2014,23-01-2014,Standard Class,DB-13405,Denny Blanton,Consumer,Wuxi,Jiangsu,China,APAC,North Asia,FUR-CH-10000027,Furniture,Chairs,"SAFCO Executive Leather Armchair, Black",5049.0,11,0.0,656.37,595.5,High
39977,CA-2013-143805,02-12-2013,04-12-2013,Second Class,JD-15895,Jonathan Doherty,Corporate,Richmond,Virginia,United States,US,South,OFF-AP-10002945,Office Supplies,Appliances,Honeywell Enviracaire Portable HEPA Air Cleaner for 17' x 22' Room,2104.55,7,0.0,694.5015,594.02,Critical
16653,IT-2014-4540740,07-12-2014,08-12-2014,First Class,DK-13090,Dave Kipp,Consumer,Seville,Andalusía,Spain,EU,South,FUR-BO-10004999,Furniture,Bookcases,"Safco Classic Bookcase, Metal",2188.05,5,0.0,1050.15,593.91,High
28932,IN-2014-11231,16-12-2014,19-12-2014,First Class,CS-11845,Cari Sayre,Corporate,Raipur,Uttarakhand,India,APAC,Central Asia,FUR-TA-10001205,Furniture,Tables,"Chromcraft Wood Table, Rectangular",1920.36,4,0.0,652.92,592.77,Critical
8029,MX-2014-154907,20-11-2014,20-11-2014,Same Day,EM-14200,Evan Minnotte,Home Office,Gómez Palacio,Durango,Mexico,LATAM,North,TEC-PH-10004196,Technology,Phones,"Samsung Smart Phone, Cordless",1704.0,4,0.0,119.28,592.73,Critical
50411,UP-2011-8610,09-11-2011,11-11-2011,First Class,DW-3480,Dianna Wilson,Home Office,Kharkiv,Kharkiv,Ukraine,EMEA,EMEA,FUR-CHR-10001018,Furniture,Tables,"Chromcraft Round Table, Rectangular",1858.68,4,0.0,130.08,590.56,Critical
21191,IN-2013-40050,07-06-2013,09-06-2013,First Class,AS-10225,Alan Schoenberger,Corporate,Jinan,Shandong,China,APAC,North Asia,FUR-CH-10003232,Furniture,Chairs,"Harbour Creations Executive Leather Armchair, Adjustable",3298.26,7,0.0,1055.25,589.36,High
4960,MX-2011-110275,22-11-2011,23-11-2011,First Class,ST-20530,Shui Tom,Consumer,Chinandega,Chinandega,Nicaragua,LATAM,Central,OFF-AP-10001630,Office Supplies,Appliances,"Hamilton Beach Microwave, Black",2443.48,13,0.0,121.94,589.29,Medium
49085,CG-2013-6110,29-03-2013,31-03-2013,Second Class,BW-1065,Barry Weirich,Consumer,Kananga,Kasai-Occidental,Democratic Republic of the Congo,Africa,Africa,FUR-HAR-10002873,Furniture,Chairs,"Harbour Creations Executive Leather Armchair, Adjustable",3808.8,8,0.0,1523.52,588.13,High
21209,IN-2014-30110,26-08-2014,27-08-2014,First Class,LA-16780,Laura Armstrong,Corporate,Palembang,Sumatera Selatan,Indonesia,APAC,Southeast Asia,FUR-TA-10000687,Furniture,Tables,"Bevis Conference Table, with Bottom Storage",3427.1496,7,0.47,-452.8104,586.57,High
12161,ES-2012-2058076,20-09-2012,22-09-2012,Second Class,AB-10150,Aimee Bixby,Consumer,London,England,United Kingdom,EU,North,TEC-PH-10004505,Technology,Phones,"Nokia Smart Phone, Full Size",3441.69,6,0.1,38.07,585.25,High
25438,IN-2014-51950,16-05-2014,18-05-2014,Second Class,JH-15820,John Huston,Consumer,Melbourne,Victoria,Australia,APAC,Oceania,TEC-PH-10002683,Technology,Phones,"Apple Smart Phone, Cordless",2863.35,5,0.1,858.9,581.88,Critical
31806,CA-2012-145352,16-03-2012,22-03-2012,Standard Class,CM-12385,Christopher Martinez,Consumer,Atlanta,Georgia,United States,US,South,OFF-BI-10003527,Office Supplies,Binders,Fellowes PB500 Electric Punch Plastic Comb Binding Machine with Manual Bind,6354.95,5,0.0,3177.475,581.12,Medium
16988,ES-2013-4670866,24-11-2013,25-11-2013,First Class,BE-11410,Bobby Elias,Consumer,Duisburg,North Rhine-Westphalia,Germany,EU,Central,TEC-CO-10002269,Technology,Copiers,"Brother Ink, Color",1487.4,10,0.0,728.7,580.98,Critical
24443,IN-2011-62506,09-11-2011,11-11-2011,Second Class,SZ-20035,Sam Zeldin,Home Office,Nanchong,Sichuan,China,APAC,North Asia,TEC-CO-10002526,Technology,Copiers,"Sharp Wireless Fax, Digital",3200.04,9,0.0,1183.95,576.71,Medium
30199,IN-2011-46413,28-10-2011,28-10-2011,Same Day,RM-19375,Raymond Messe,Consumer,Naihati,West Bengal,India,APAC,Central Asia,FUR-CH-10000602,Furniture,Chairs,"Novimex Executive Leather Armchair, Red",2301.0,5,0.0,91.95,573.27,Critical
13879,ES-2014-3785216,19-11-2014,23-11-2014,Standard Class,HG-14845,Harry Greene,Consumer,Lille,Nord-Pas-de-Calais,France,EU,Central,FUR-CH-10002891,Furniture,Chairs,"Hon Executive Leather Armchair, Adjustable",5729.346,14,0.1,63.546,572.95,High
50788,MO-2014-2000,28-10-2014,30-10-2014,Second Class,DP-3105,Dave Poirier,Corporate,Meknes,Meknès-Tafilalet,Morocco,Africa,Africa,TEC-CAN-10001437,Technology,Copiers,"Canon Wireless Fax, Laser",5301.24,14,0.0,2597.28,568.45,Medium
37817,CA-2014-138289,17-01-2014,19-01-2014,Second Class,AR-10540,Andy Reiter,Consumer,Jackson,Michigan,United States,US,Central,OFF-BI-10004995,Office Supplies,Binders,GBC DocuBind P400 Electric Binding System,5443.96,4,0.0,2504.2216,567.95,High
38540,CA-2014-118892,18-08-2014,23-08-2014,Second Class,TP-21415,Tom Prescott,Consumer,Philadelphia,Pennsylvania,United States,US,East,FUR-CH-10002024,Furniture,Chairs,HON 5400 Series Task Chairs for Big and Tall,4416.174,9,0.3,-630.882,566.65,Medium
18241,ES-2013-1434123,29-01-2013,05-02-2013,Standard Class,JB-16000,Joy Bell-,Consumer,Krefeld,North Rhine-Westphalia,Germany,EU,Central,TEC-PH-10004327,Technology,Phones,"Motorola Smart Phone, Full Size",3219.9,5,0.0,965.85,564.25,Low
23013,ID-2012-78207,18-09-2012,21-09-2012,Second Class,AM-10705,Anne McFarland,Consumer,Bandung,Jawa Barat,Indonesia,APAC,Southeast Asia,OFF-AP-10001621,Office Supplies,Appliances,"Hamilton Beach Refrigerator, Black",2487.8088,6,0.17,-269.7912,562.14,Critical
45616,MO-2013-8630,23-11-2013,23-11-2013,Same Day,AB-255,Alejandro Ballentine,Home Office,Casablanca,Grand Casablanca,Morocco,Africa,Africa,OFF-HOO-10001881,Office Supplies,Appliances,"Hoover Stove, White",2266.44,4,0.0,113.28,556.45,Medium
25026,IN-2012-64774,13-06-2012,13-06-2012,Same Day,RP-19270,Rachel Payne,Corporate,Sydney,New South Wales,Australia,APAC,Oceania,TEC-CO-10001954,Technology,Copiers,"Brother Wireless Fax, Laser",3068.361,9,0.1,1124.901,555.77,High
27962,IN-2013-48765,28-10-2013,31-10-2013,First Class,BK-11260,Berenike Kampe,Consumer,Tongi,Dhaka,Bangladesh,APAC,Central Asia,FUR-BO-10003282,Furniture,Bookcases,"Ikea Classic Bookcase, Mobile",3728.43,9,0.0,1192.86,553.31,Medium
26669,IN-2013-69730,12-12-2013,14-12-2013,First Class,JM-15250,Janet Martin,Consumer,Suzhou,Anhui,China,APAC,North Asia,TEC-CO-10003102,Technology,Copiers,"Canon Copy Machine, Color",1581.48,6,0.0,0.0,550.74,High
29600,IN-2012-48240,25-05-2012,28-05-2012,Second Class,GP-14740,Guy Phonely,Corporate,Delhi,Delhi,India,APAC,Central Asia,TEC-PH-10004664,Technology,Phones,"Nokia Smart Phone, with Caller ID",1916.73,3,0.0,498.33,548.4,Critical
38411,US-2013-102239,06-05-2013,07-05-2013,First Class,LW-16990,Lindsay Williams,Corporate,Henderson,Nevada,United States,US,West,FUR-TA-10003392,Furniture,Tables,Global Adaptabilities Conference Tables,1685.88,6,0.0,320.3172,548.08,Critical
19195,ES-2013-3467296,02-12-2013,02-12-2013,Same Day,NZ-18565,Nick Zandusky,Home Office,Paris,Ile-de-France,France,EU,Central,OFF-AP-10002552,Office Supplies,Appliances,"Hamilton Beach Stove, White",2432.16,5,0.1,513.36,546.9,Critical
46366,CA-2014-6550,23-12-2014,25-12-2014,Second Class,SV-10815,Stuart Van,Corporate,Montréal,Quebec,Canada,Canada,Canada,TEC-MOT-10000554,Technology,Phones,"Motorola Smart Phone, Full Size",3863.88,6,0.0,1159.02,546.56,Critical
26731,ID-2013-25742,28-01-2013,30-01-2013,First Class,SC-20695,Steve Chapman,Corporate,Manila,National Capital,Philippines,APAC,Southeast Asia,FUR-CH-10001415,Furniture,Chairs,"Office Star Executive Leather Armchair, Red",2465.82,7,0.25,197.19,546.49,High
31278,IN-2012-86698,07-05-2012,07-05-2012,Same Day,NC-18625,Noah Childs,Corporate,Newcastle,New South Wales,Australia,APAC,Oceania,FUR-TA-10003627,Furniture,Tables,"Bevis Conference Table, with Bottom Storage",1847.52,2,0.0,738.96,545.89,High
12035,ES-2013-2903666,27-11-2013,29-11-2013,First Class,NF-18385,Natalie Fritzler,Consumer,Graz,Styria,Austria,EU,Central,FUR-BO-10001133,Furniture,Bookcases,"Ikea Classic Bookcase, Mobile",2899.89,7,0.0,927.78,541.59,High
29149,IN-2012-30446,28-11-2012,02-12-2012,Second Class,NZ-18565,Nick Zandusky,Home Office,Nowra,New South Wales,Australia,APAC,Oceania,FUR-CH-10000027,Furniture,Chairs,"SAFCO Executive Leather Armchair, Black",2891.7,7,0.1,96.39,541.57,Medium
15896,IT-2012-1779015,29-09-2012,29-09-2012,Same Day,PM-18940,Paul MacIntyre,Consumer,Boulogne-Billancourt,Ile-de-France,France,EU,Central,TEC-MA-10003515,Technology,Machines,"Panasonic Printer, Red",2016.846,9,0.15,-0.054,540.77,Critical
18307,ES-2013-3903130,03-09-2013,05-09-2013,Second Class,MZ-17335,Maria Zettner,Home Office,Malakoff,Ile-de-France,France,EU,Central,OFF-AP-10002904,Office Supplies,Appliances,"Hamilton Beach Refrigerator, Silver",3155.544,7,0.1,34.944,539.94,High
46257,CG-2013-3470,26-07-2013,01-08-2013,Standard Class,HM-4980,Henry MacAllister,Consumer,Kinshasa,Kinshasa,Democratic Republic of the Congo,Africa,Africa,TEC-MOT-10003348,Technology,Phones,"Motorola Smart Phone, Full Size",3856.14,6,0.0,1465.2,533.99,Low
21142,IN-2014-13639,19-11-2014,25-11-2014,Standard Class,RW-19540,Rick Wilson,Corporate,Perth,Western Australia,Australia,APAC,Oceania,TEC-PH-10001990,Technology,Phones,"Cisco Smart Phone, Full Size",3524.472,6,0.1,861.372,531.28,Low
10308,ES-2012-2510515,19-06-2012,19-06-2012,Same Day,LH-17155,Logan Haushalter,Consumer,Le Bouscat,Aquitaine,France,EU,Central,TEC-PH-10002898,Technology,Phones,"Samsung Smart Phone, Full Size",2167.296,4,0.15,790.416,531.09,High
6776,MX-2012-153157,11-10-2012,14-10-2012,First Class,FH-14365,Fred Hopkins,Corporate,Puebla,Puebla,Mexico,LATAM,North,TEC-PH-10004196,Technology,Phones,"Samsung Smart Phone, Cordless",2556.0,6,0.0,178.92,530.49,Medium
16948,ES-2011-2585328,09-08-2011,11-08-2011,First Class,KM-16660,Khloe Miller,Consumer,Augsburg,Bavaria,Germany,EU,Central,TEC-CO-10001633,Technology,Copiers,"Sharp Fax Machine, High-Speed",1469.25,5,0.0,308.4,527.87,Critical
11611,ES-2011-4500805,05-11-2011,09-11-2011,Second Class,PO-18865,Patrick O'Donnell,Consumer,Nice,Provence-Alpes-Côte d'Azur,France,EU,Central,TEC-PH-10002623,Technology,Phones,"Cisco Smart Phone, with Caller ID",4448.832,8,0.15,1517.712,527.85,High
39465,CA-2014-107174,07-11-2014,14-11-2014,Standard Class,AB-10060,Adam Bellavance,Home Office,Seattle,Washington,United States,US,West,FUR-TA-10004575,Furniture,Tables,Hon 5100 Series Wood Tables,2036.86,7,0.0,366.6348,524.76,Low
1873,MX-2013-113824,26-04-2013,28-04-2013,First Class,AB-10060,Adam Bellavance,Home Office,Medellín,Antioquia,Colombia,LATAM,South,FUR-BO-10001498,Furniture,Bookcases,"Dania Classic Bookcase, Pine",2472.66,9,0.0,914.76,523.47,High
29120,IN-2013-45076,26-12-2013,26-12-2013,Same Day,DB-13060,Dave Brooks,Consumer,Gold Coast,Queensland,Australia,APAC,Oceania,OFF-AP-10003598,Office Supplies,Appliances,"Breville Refrigerator, Red",3739.176,8,0.1,747.816,522.79,High
11743,IT-2013-5208514,13-03-2013,13-03-2013,Same Day,VM-21685,Valerie Mitchum,Home Office,Bergen op Zoom,North Brabant,Netherlands,EU,Central,FUR-CH-10001582,Furniture,Chairs,"Office Star Executive Leather Armchair, Black",2570.865,11,0.5,-2211.165,520.89,High
35574,US-2013-107440,17-04-2013,21-04-2013,Standard Class,BS-11365,Bill Shonely,Corporate,Lakewood,New Jersey,United States,US,East,TEC-MA-10001047,Technology,Machines,"3D Systems Cube Printer, 2nd Generation, Magenta",9099.93,7,0.0,2365.9818,516.91,Medium
17522,ES-2012-2314672,05-04-2012,05-04-2012,Same Day,DM-13525,Don Miller,Corporate,Hanover,Lower Saxony,Germany,EU,Central,TEC-PH-10000505,Technology,Phones,"Apple Smart Phone, with Caller ID",2875.77,9,0.5,-1783.08,516.63,High
14721,ES-2012-4765389,26-12-2012,28-12-2012,Second Class,NM-18520,Neoma Murray,Consumer,Vigo,Galicia,Spain,EU,South,FUR-BO-10002003,Furniture,Bookcases,"Sauder Classic Bookcase, Metal",1741.8,4,0.0,261.24,515.24,Critical
29629,IN-2013-15368,18-04-2013,19-04-2013,First Class,LC-16885,Lena Creighton,Consumer,Sydney,New South Wales,Australia,APAC,Oceania,TEC-CO-10001775,Technology,Copiers,"Sharp Wireless Fax, Laser",1601.64,5,0.1,587.19,511.47,Critical
25868,IN-2011-18385,24-05-2011,26-05-2011,Second Class,RO-19780,Rose O'Brian,Consumer,Gaoyou,Jiangsu,China,APAC,North Asia,OFF-AP-10000647,Office Supplies,Appliances,"Hoover Refrigerator, White",3670.8,7,0.0,367.08,510.72,High
39399,CA-2012-149846,22-05-2012,26-05-2012,Standard Class,SB-20185,Sarah Brown,Consumer,Los Angeles,California,United States,US,West,TEC-MA-10004002,Technology,Machines,Zebra GX420t Direct Thermal/Thermal Transfer Printer,2973.32,7,0.2,334.4985,510.18,High
19559,ES-2013-2757712,16-05-2013,20-05-2013,Second Class,EM-14065,Erin Mull,Consumer,Bremen,Bremen,Germany,EU,Central,TEC-CO-10001926,Technology,Copiers,"Hewlett Wireless Fax, Laser",1900.95,5,0.0,589.2,506.89,High
38362,CA-2011-106726,06-12-2011,08-12-2011,First Class,RS-19765,Roland Schwarz,Corporate,Los Angeles,California,United States,US,West,OFF-ST-10001496,Office Supplies,Storage,Standard Rollaway File with Lock,1261.33,7,0.0,327.9458,506.49,Critical
14070,IT-2011-1978668,16-02-2011,19-02-2011,Second Class,ON-18715,Odella Nelson,Corporate,Muret,Midi-Pyrénées,France,EU,Central,FUR-CH-10002203,Furniture,Chairs,"SAFCO Executive Leather Armchair, Black",4544.1,11,0.1,1868.13,506.27,Medium
21306,IN-2013-63773,31-05-2013,02-06-2013,First Class,VS-21820,Vivek Sundaresam,Consumer,Zigong,Sichuan,China,APAC,North Asia,FUR-BO-10001934,Furniture,Bookcases,"Bush Library with Doors, Metal",1455.12,4,0.0,116.4,504.56,Critical
21668,IN-2013-10965,01-10-2013,02-10-2013,First Class,CM-12115,Chad McGuire,Consumer,Adelaide,South Australia,Australia,APAC,Oceania,TEC-CO-10000562,Technology,Copiers,"HP Wireless Fax, Digital",1943.19,6,0.1,258.93,499.62,High
37923,CA-2011-145541,14-12-2011,21-12-2011,Standard Class,TB-21400,Tom Boeckenhauer,Consumer,New York City,New York,United States,US,East,TEC-MA-10001127,Technology,Machines,"HP Designjet T520 Inkjet Large Format Printer - 24"" Color",6999.96,4,0.0,2239.9872,499.55,Medium
40336,CA-2013-117121,18-12-2013,22-12-2013,Standard Class,AB-10105,Adrian Barton,Consumer,Detroit,Michigan,United States,US,Central,OFF-BI-10000545,Office Supplies,Binders,GBC Ibimaster 500 Manual ProClick Binding System,9892.74,13,0.0,4946.37,498.7,Medium
24260,ID-2013-79432,11-12-2013,14-12-2013,Second Class,JK-15325,Jason Klamczynski,Corporate,Adelaide,South Australia,Australia,APAC,Oceania,TEC-CO-10002035,Technology,Copiers,"Canon Wireless Fax, High-Speed",1695.87,5,0.1,-37.83,498.62,Critical
13646,IT-2014-4499061,18-03-2014,21-03-2014,Second Class,RP-19270,Rachel Payne,Corporate,Chelles,Ile-de-France,France,EU,Central,TEC-CO-10004099,Technology,Copiers,"Sharp Fax Machine, Digital",1505.979,6,0.15,-265.761,498.52,Critical
23708,IN-2014-34226,19-12-2014,20-12-2014,First Class,DW-13540,Don Weiss,Consumer,Kuantan,Pahang,Malaysia,APAC,Southeast Asia,TEC-PH-10003002,Technology,Phones,"Cisco Smart Phone, Full Size",1954.17,3,0.0,312.66,498.38,Critical
32452,CA-2011-136567,20-12-2011,21-12-2011,First Class,PS-19045,Penelope Sewall,Home Office,Harrisonburg,Virginia,United States,US,South,FUR-TA-10001932,Furniture,Tables,"Chromcraft 48"" x 96"" Racetrack Double Pedestal Table",2244.48,7,0.0,493.7856,498.14,High
37722,CA-2013-143714,24-05-2013,28-05-2013,Standard Class,CC-12370,Christopher Conant,Consumer,Philadelphia,Pennsylvania,United States,US,East,TEC-CO-10004722,Technology,Copiers,Canon imageCLASS 2200 Advanced Copier,8399.976,4,0.4,1119.9968,498.08,Medium
40932,CA-2011-151330,14-10-2011,17-10-2011,First Class,TC-21295,Toby Carlisle,Consumer,Everett,Massachusetts,United States,US,East,FUR-CH-10000749,Furniture,Chairs,Office Star - Ergonomic Mid Back Chair with 2-Way Adjustable Arms,1628.82,9,0.0,260.6112,496.46,Critical
1779,MX-2014-158386,18-09-2014,18-09-2014,Same Day,GM-14440,Gary McGarr,Consumer,Quito,Pichincha,Ecuador,LATAM,South,TEC-CO-10004398,Technology,Copiers,"Brother Copy Machine, Color",1213.18876,7,0.002,508.00876,493.41,Critical
23880,IN-2013-30663,25-11-2013,27-11-2013,First Class,SV-20815,Stuart Van,Corporate,Vadodara,Gujarat,India,APAC,Central Asia,TEC-CO-10004535,Technology,Copiers,"Hewlett Fax Machine, High-Speed",1590.6,5,0.0,572.55,493.2,Critical
27094,IN-2013-77444,07-11-2013,10-11-2013,First Class,MM-17920,Michael Moore,Consumer,Sanya,Hainan,China,APAC,North Asia,TEC-AC-10000420,Technology,Accessories,"Belkin Router, USB",2330.64,9,0.0,1025.46,492.79,Critical
24424,IN-2014-39077,19-07-2014,23-07-2014,Standard Class,JK-16120,Julie Kriz,Home Office,Palembang,Sumatera Selatan,Indonesia,APAC,Southeast Asia,FUR-BO-10001212,Furniture,Bookcases,"Safco Classic Bookcase, Mobile",3278.5848,8,0.07,140.8248,492.28,High
22049,ID-2012-60980,16-08-2012,16-08-2012,Same Day,EM-14200,Evan Minnotte,Home Office,Bangkok,Bangkok,Thailand,APAC,Southeast Asia,TEC-PH-10001670,Technology,Phones,"Motorola Smart Phone, Full Size",3741.5238,7,0.17,946.6338,491.91,High
34153,CA-2013-128594,27-08-2013,30-08-2013,First Class,DJ-13510,Don Jones,Corporate,San Diego,California,United States,US,West,FUR-CH-10001215,Furniture,Chairs,Global Troy Executive Leather Low-Back Tilter,1603.136,4,0.2,100.196,489.6,Critical
23815,IN-2012-57025,11-01-2012,15-01-2012,Standard Class,PM-18940,Paul MacIntyre,Consumer,Tasikmalaya,Jawa Barat,Indonesia,APAC,Southeast Asia,FUR-BO-10004679,Furniture,Bookcases,"Safco Library with Doors, Pine",3637.602,10,0.07,156.402,487.86,High
8009,MX-2013-157868,28-01-2013,30-01-2013,First Class,AT-10435,Alyssa Tate,Home Office,Guaymas,Sonora,Mexico,LATAM,North,OFF-AP-10001776,Office Supplies,Appliances,"Hoover Refrigerator, Red",2455.88,7,0.0,785.82,487.48,Medium
30267,ID-2012-66111,14-06-2012,17-06-2012,First Class,AB-10015,Aaron Bergman,Consumer,Wuhan,Hubei,China,APAC,North Asia,TEC-MA-10003704,Technology,Machines,"StarTech Printer, Wireless",1024.68,8,0.5,-286.92,487.32,Critical
33088,CA-2011-120474,01-12-2011,03-12-2011,First Class,RP-19390,Resi Pölking,Consumer,Madison,Wisconsin,United States,US,Central,FUR-CH-10001854,Furniture,Chairs,Office Star - Professional Matrix Back Chair with 2-to-1 Synchro Tilt and Mesh Fabric Seat,2807.84,8,0.0,673.8816,487.15,High
40462,CA-2013-100300,25-06-2013,27-06-2013,Second Class,MJ-17740,Max Jones,Consumer,San Diego,California,United States,US,West,TEC-MA-10000984,Technology,Machines,Okidata MB760 Printer,4476.8,4,0.2,503.64,485.47,High
2283,MX-2012-164791,06-12-2012,08-12-2012,First Class,PV-18985,Paul Van Hugh,Home Office,Salto,São Paulo,Brazil,LATAM,South,TEC-AC-10000376,Technology,Accessories,"Memorex Router, Bluetooth",2297.96,14,0.0,988.12,483.26,High
17765,IT-2013-1350483,05-09-2013,07-09-2013,Second Class,SB-20290,Sean Braxton,Corporate,Treviso,Veneto,Italy,EU,South,TEC-CO-10003800,Technology,Copiers,"Hewlett Wireless Fax, Color",2671.41,7,0.0,534.24,483.04,High
47783,SO-2014-4990,18-09-2014,20-09-2014,First Class,SM-10005,Sally Matthias,Consumer,Hargeysa,Woqooyi Galbeed,Somalia,Africa,Africa,TEC-SAM-10004230,Technology,Phones,"Samsung Smart Phone, Cordless",3834.0,6,0.0,268.38,481.04,High
34340,CA-2014-149559,12-09-2014,13-09-2014,Same Day,KF-16285,Karen Ferguson,Home Office,Long Beach,California,United States,US,West,FUR-CH-10002320,Furniture,Chairs,Hon Pagoda Stacking Chairs,2054.272,8,0.2,256.784,480.56,Critical
23175,IN-2012-30943,03-08-2012,08-08-2012,Standard Class,KH-16330,Katharine Harms,Corporate,Yogyakarta,Yogyakarta,Indonesia,APAC,Southeast Asia,OFF-AP-10002312,Office Supplies,Appliances,"KitchenAid Refrigerator, Black",3501.7368,8,0.17,210.8568,479.96,High
27693,IN-2014-13324,09-12-2014,11-12-2014,First Class,MP-18175,Mike Pelletier,Home Office,Perth,Western Australia,Australia,APAC,Oceania,TEC-PH-10000169,Technology,Phones,"Apple Smart Phone, with Caller ID",1725.462,3,0.1,747.612,479.94,High
22134,IN-2012-46889,25-10-2012,28-10-2012,First Class,LH-17020,Lisa Hazard,Consumer,Anshan,Liaoning,China,APAC,North Asia,TEC-CO-10000865,Technology,Copiers,"Brother Fax Machine, High-Speed",1583.7,5,0.0,174.15,479.67,Critical
32998,CA-2012-114069,13-07-2012,15-07-2012,Second Class,ND-18370,Natalie DeCherney,Consumer,New York City,New York,United States,US,East,FUR-CH-10000595,Furniture,Chairs,Safco Contoured Stacking Chairs,1931.04,9,0.1,321.84,477.15,Critical
22488,ID-2013-35640,27-08-2013,29-08-2013,Second Class,CR-12625,Corey Roper,Home Office,Brisbane,Queensland,Australia,APAC,Oceania,FUR-BO-10000288,Furniture,Bookcases,"Safco Classic Bookcase, Traditional",2760.345,7,0.1,-214.725,475.34,High
25678,IN-2011-30292,13-05-2011,17-05-2011,Standard Class,NC-18625,Noah Childs,Corporate,Dhaka,Dhaka,Bangladesh,APAC,Central Asia,TEC-AC-10000866,Technology,Accessories,"Belkin Router, Erganomic",3078.72,12,0.0,523.08,474.44,High
15376,IT-2011-3675195,03-11-2011,06-11-2011,First Class,GM-14680,Greg Matthias,Consumer,Amsterdam,North Holland,Netherlands,EU,Central,OFF-AP-10001623,Office Supplies,Appliances,"Hoover Stove, White",1983.135,7,0.5,-1784.895,473.27,High
15162,ES-2014-2034971,02-08-2014,03-08-2014,First Class,RA-19945,Ryan Akin,Consumer,Le Petit-Quevilly,Upper Normandy,France,EU,Central,FUR-BO-10003541,Furniture,Bookcases,"Bush Classic Bookcase, Metal",1112.778,3,0.1,296.658,472.0,Critical
18899,ES-2011-1426891,20-09-2011,22-09-2011,Second Class,DB-13060,Dave Brooks,Consumer,Bochum,North Rhine-Westphalia,Germany,EU,Central,TEC-CO-10004365,Technology,Copiers,"HP Wireless Fax, Color",3616.5,10,0.0,36.0,471.92,Critical
32274,CA-2014-159366,08-01-2014,11-01-2014,First Class,BW-11110,Bart Watters,Corporate,Detroit,Michigan,United States,US,Central,TEC-MA-10000822,Technology,Machines,Lexmark MX611dhe Monochrome Laser Printer,3059.982,2,0.1,679.996,471.22,Medium
24160,IN-2013-14773,11-03-2013,15-03-2013,Standard Class,RF-19735,Roland Fjeld,Consumer,Perth,Western Australia,Australia,APAC,Oceania,TEC-PH-10000499,Technology,Phones,"Motorola Smart Phone, Full Size",2892.105,5,0.1,160.605,470.29,High
15812,ES-2012-4934238,02-02-2012,05-02-2012,First Class,JH-15820,John Huston,Consumer,Hamburg,Hamburg,Germany,EU,Central,TEC-PH-10000800,Technology,Phones,"Cisco Smart Phone, Full Size",3263.4,5,0.0,848.4,469.29,High
31696,CA-2013-108987,09-09-2013,11-09-2013,Second Class,AG-10675,Anna Gayman,Consumer,Houston,Texas,United States,US,Central,FUR-BO-10004834,Furniture,Bookcases,"Riverside Palais Royal Lawyers Bookcase, Royale Cherry Finish",2396.2656,4,0.32,-317.1528,469.16,Critical
6449,MX-2014-111941,09-04-2014,13-04-2014,Standard Class,DM-12955,Dario Medina,Corporate,Mixco,Guatemala,Guatemala,LATAM,Central,FUR-TA-10001642,Furniture,Tables,"Lesro Round Table, Rectangular",3117.088,13,0.2,38.948,466.7,High
32382,US-2013-143819,02-03-2013,06-03-2013,Standard Class,KD-16270,Karen Daniels,Consumer,Yonkers,New York,United States,US,East,TEC-MA-10003979,Technology,Machines,Ativa V4110MDD Micro-Cut Shredder,4899.93,7,0.0,2400.9657,466.33,Medium
4394,MX-2014-152961,19-03-2014,21-03-2014,First Class,BE-11335,Bill Eplett,Home Office,Morelia,Michoacán,Mexico,LATAM,North,OFF-AP-10001041,Office Supplies,Appliances,"Hoover Stove, White",1888.7,5,0.0,887.6,465.92,High
22058,IN-2013-17041,02-10-2013,04-10-2013,First Class,SO-20335,Sean O'Donnell,Consumer,Changchun,Jilin,China,APAC,North Asia,OFF-AP-10002090,Office Supplies,Appliances,"Hamilton Beach Refrigerator, Red",3000.78,6,0.0,1080.18,465.63,High
19833,ES-2013-4679331,12-01-2013,15-01-2013,First Class,DK-12835,Damala Kotsonis,Corporate,Madrid,Madrid,Spain,EU,South,OFF-AP-10002330,Office Supplies,Appliances,"Hamilton Beach Stove, Silver",3801.63,7,0.0,1444.59,465.02,Medium
45807,SA-2014-1270,20-08-2014,25-08-2014,Standard Class,LC-7050,Liz Carlisle,Consumer,Jeddah,Makkah,Saudi Arabia,EMEA,EMEA,TEC-CIS-10002344,Technology,Phones,"Cisco Smart Phone, Full Size",5211.12,8,0.0,1146.24,463.98,Medium
30187,IN-2011-10286,17-12-2011,20-12-2011,First Class,PB-19210,Phillip Breyer,Corporate,Taipei,Taipei City,Taiwan,APAC,North Asia,FUR-TA-10002153,Furniture,Tables,"Lesro Round Table, with Bottom Storage",1356.03,3,0.0,311.85,458.97,Critical
29484,IN-2014-12897,14-03-2014,18-03-2014,Standard Class,CG-12520,Claire Gute,Consumer,Adelaide,South Australia,Australia,APAC,Oceania,OFF-AP-10004964,Office Supplies,Appliances,"Hoover Stove, White",3569.643,7,0.1,674.163,458.54,High
34667,CA-2013-134887,26-03-2013,26-03-2013,Same Day,TB-21280,Toby Braunhardt,Consumer,Norman,Oklahoma,United States,US,Central,TEC-AC-10003832,Technology,Accessories,Logitech P710e Mobile Speakerphone,1287.45,5,0.0,244.6155,457.14,Critical
24015,ID-2014-10076,09-07-2014,13-07-2014,Standard Class,HG-15025,Hunter Glantz,Consumer,Medan,Sumatera Utara,Indonesia,APAC,Southeast Asia,FUR-BO-10004679,Furniture,Bookcases,"Safco Library with Doors, Pine",2910.0816,8,0.07,125.1216,456.32,High
20601,ID-2013-70122,11-06-2013,15-06-2013,Standard Class,AD-10180,Alan Dominguez,Home Office,Jakarta,Jakarta,Indonesia,APAC,Southeast Asia,FUR-CH-10002061,Furniture,Chairs,"Harbour Creations Executive Leather Armchair, Red",3126.4002,9,0.27,-128.7198,455.71,High
12051,ES-2011-2257437,10-08-2011,17-08-2011,Standard Class,BP-11155,Becky Pak,Consumer,London,England,United Kingdom,EU,North,TEC-PH-10002759,Technology,Phones,"Cisco Smart Phone, Cordless",5276.988,9,0.1,1758.888,454.81,Medium
25915,ID-2014-63920,17-03-2014,21-03-2014,Standard Class,AA-10480,Andrew Allen,Consumer,Bangkok,Bangkok,Thailand,APAC,Southeast Asia,TEC-PH-10001699,Technology,Phones,"Samsung Smart Phone, Full Size",2645.376,5,0.17,-0.024,452.6,High
21639,ID-2013-29564,02-01-2013,03-01-2013,First Class,RL-19615,Rob Lucas,Consumer,Newcastle,New South Wales,Australia,APAC,Oceania,FUR-BO-10001934,Furniture,Bookcases,"Bush Library with Doors, Metal",1637.01,5,0.1,-36.39,452.28,Medium
39069,CA-2013-108196,26-11-2013,03-12-2013,Standard Class,CS-12505,Cindy Stewart,Consumer,Lancaster,Ohio,United States,US,East,TEC-MA-10000418,Technology,Machines,Cubify CubeX 3D Printer Double Head Print,4499.985,5,0.7,-6599.978,451.63,Low
23229,ID-2012-36403,10-10-2012,11-10-2012,First Class,SW-20245,Scot Wooten,Consumer,Surakarta,Jawa Tengah,Indonesia,APAC,Southeast Asia,TEC-PH-10001699,Technology,Phones,"Samsung Smart Phone, Full Size",2645.376,5,0.17,-0.024,451.03,High
33921,CA-2014-127180,23-10-2014,25-10-2014,First Class,TA-21385,Tom Ashbrook,Home Office,New York City,New York,United States,US,East,TEC-PH-10001494,Technology,Phones,Polycom CX600 IP Phone VoIP phone,2399.6,8,0.0,647.892,449.45,High
20674,IN-2011-19351,17-06-2011,19-06-2011,First Class,BW-11110,Bart Watters,Corporate,Beijing,Beijing,China,APAC,North Asia,FUR-TA-10001889,Furniture,Tables,"Bevis Conference Table, Fully Assembled",3238.305,5,0.3,-740.295,449.18,High
11331,ES-2014-5842530,03-04-2014,05-04-2014,First Class,YC-21895,Yoseph Carroll,Corporate,London,England,United Kingdom,EU,North,FUR-BO-10000490,Furniture,Bookcases,"Bush Library with Doors, Metal",2291.814,7,0.1,127.134,448.91,High
58,MX-2011-137897,17-05-2011,20-05-2011,Second Class,JM-15580,Jill Matthias,Consumer,Tulancingo,Hidalgo,Mexico,LATAM,North,TEC-PH-10000018,Technology,Phones,"Nokia Smart Phone, Full Size",2124.5,5,0.0,488.6,447.66,High
45091,BO-2014-8960,11-02-2014,15-02-2014,Second Class,MZ-7335,Maria Zettner,Home Office,Brest,Brest,Belarus,EMEA,EMEA,FUR-HON-10003533,Furniture,Chairs,"Hon Executive Leather Armchair, Adjustable",2757.78,6,0.0,744.48,446.33,High
18990,ES-2013-2220066,12-10-2013,12-10-2013,Same Day,JF-15295,Jason Fortune-,Consumer,Valencia,Valenciana,Spain,EU,South,TEC-AC-10001949,Technology,Accessories,"Enermax Router, Bluetooth",1549.98,6,0.0,139.32,443.92,Critical
35425,CA-2011-127299,19-09-2011,24-09-2011,Standard Class,JL-15835,John Lee,Consumer,Charlotte,North Carolina,United States,US,South,TEC-MA-10001127,Technology,Machines,"HP Designjet T520 Inkjet Large Format Printer - 24"" Color",2624.985,3,0.5,-944.9946,443.69,High
51130,UP-2014-4500,17-07-2014,19-07-2014,Second Class,DJ-3510,Don Jones,Corporate,Zhytomyr,Zhytomyr,Ukraine,EMEA,EMEA,OFF-HOO-10004910,Office Supplies,Appliances,"Hoover Refrigerator, White",3146.4,6,0.0,629.28,443.55,Critical
14405,ES-2014-2440513,22-11-2014,28-11-2014,Standard Class,MF-18250,Monica Federle,Corporate,Argenteuil,Ile-de-France,France,EU,Central,TEC-MA-10001335,Technology,Machines,"Epson Printer, Durable",2456.619,11,0.15,664.719,442.49,Low
10745,IT-2011-5629016,30-05-2011,02-06-2011,First Class,TC-21295,Toby Carlisle,Consumer,Talence,Aquitaine,France,EU,Central,FUR-TA-10000347,Furniture,Tables,"Hon Computer Table, Adjustable Height",2228.6355,7,0.35,-754.4145,440.25,Critical
36859,CA-2014-133263,01-04-2014,03-04-2014,Second Class,JE-15610,Jim Epp,Corporate,Atlanta,Georgia,United States,US,South,TEC-CO-10001449,Technology,Copiers,Hewlett Packard LaserJet 3310 Copier,2999.95,5,0.0,1439.976,439.69,High
25850,IN-2014-65488,17-07-2014,20-07-2014,First Class,CP-12340,Christine Phan,Corporate,Aurangabad,Bihar,India,APAC,Central Asia,OFF-AP-10002090,Office Supplies,Appliances,"Hamilton Beach Refrigerator, Red",4001.04,8,0.0,1440.24,439.65,Medium
16109,ES-2014-5530354,29-08-2014,03-09-2014,Standard Class,EH-14125,Eugene Hildebrand,Home Office,Plaisir,Ile-de-France,France,EU,Central,TEC-PH-10000493,Technology,Phones,"Apple Smart Phone, Full Size",4876.875,9,0.15,745.875,439.41,Medium
22515,IN-2012-23782,26-12-2012,26-12-2012,Same Day,NC-18340,Nat Carroll,Consumer,Melbourne,Victoria,Australia,APAC,Oceania,FUR-TA-10003596,Furniture,Tables,"Lesro Computer Table, Adjustable Height",1788.822,6,0.3,204.282,439.03,Critical
29269,IN-2014-37320,11-11-2014,15-11-2014,Standard Class,BF-11005,Barry Franz,Home Office,Gorakhpur,Haryana,India,APAC,Central Asia,OFF-AP-10002244,Office Supplies,Appliances,"Breville Refrigerator, White",3622.29,7,0.0,1267.77,438.89,High
29651,ID-2013-31720,01-05-2013,04-05-2013,Second Class,JS-16030,Joy Smith,Consumer,Medan,Sumatera Utara,Indonesia,APAC,Southeast Asia,FUR-TA-10003179,Furniture,Tables,"Lesro Wood Table, Fully Assembled",1242.585,5,0.47,-140.715,437.85,Critical
10670,ES-2011-1712442,16-08-2011,21-08-2011,Standard Class,AM-10360,Alice McCarthy,Corporate,Harrogate,England,United Kingdom,EU,North,TEC-PH-10001396,Technology,Phones,"Nokia Smart Phone, Cordless",4453.05,7,0.0,1424.85,433.41,Medium
24859,IN-2014-78900,03-12-2014,07-12-2014,Standard Class,JF-15190,Jamie Frazer,Consumer,Phnom Penh,Phnom Penh,Cambodia,APAC,Southeast Asia,FUR-TA-10003078,Furniture,Tables,"Hon Training Table, Fully Assembled",2673.36,8,0.0,1069.2,432.57,High
24466,IN-2013-37803,25-06-2013,29-06-2013,Standard Class,AB-10015,Aaron Bergman,Consumer,Mackay,Queensland,Australia,APAC,Oceania,FUR-CH-10003581,Furniture,Chairs,"Hon Executive Leather Armchair, Adjustable",2046.195,5,0.1,591.045,432.15,High
15359,ES-2013-3939561,21-01-2013,24-01-2013,Second Class,JG-15160,James Galang,Consumer,Stockton-on-Tees,England,United Kingdom,EU,North,FUR-TA-10000184,Furniture,Tables,"Barricks Conference Table, Fully Assembled",5451.3,6,0.0,2071.44,432.13,Medium
39115,CA-2013-138478,22-10-2013,27-10-2013,Second Class,DP-13390,Dennis Pardue,Home Office,North Las Vegas,Nevada,United States,US,West,OFF-BI-10001120,Office Supplies,Binders,Ibico EPK-21 Electric Binding System,4535.976,3,0.2,1644.2913,431.68,Medium
21670,IN-2014-56808,12-07-2014,14-07-2014,Second Class,AG-10330,Alex Grayson,Consumer,Jambi,Jambi,Indonesia,APAC,Southeast Asia,OFF-AP-10001956,Office Supplies,Appliances,"Breville Refrigerator, Black",1722.2832,4,0.17,539.4432,430.04,Critical
33102,US-2013-116729,26-12-2013,29-12-2013,First Class,GK-14620,Grace Kelly,Corporate,Los Angeles,California,United States,US,West,TEC-PH-10002200,Technology,Phones,Samsung Galaxy Note 2,2575.944,7,0.2,257.5944,429.66,Medium
17548,ES-2014-1972860,01-09-2014,01-09-2014,Same Day,NF-18475,Neil Französisch,Home Office,Moers,North Rhine-Westphalia,Germany,EU,Central,OFF-AP-10003382,Office Supplies,Appliances,"Breville Stove, White",1007.424,2,0.1,134.304,428.83,Critical
34367,CA-2011-119375,17-11-2011,22-11-2011,Standard Class,YC-21895,Yoseph Carroll,Corporate,Newark,Delaware,United States,US,East,OFF-ST-10002011,Office Supplies,Storage,Smead Adjustable Mobile File Trolley with Lockable Top,2934.33,7,0.0,792.2691,428.8,High
20861,IN-2011-64326,07-06-2011,11-06-2011,Second Class,DR-12940,Daniel Raglin,Home Office,Townsville,Queensland,Australia,APAC,Oceania,OFF-AP-10003917,Office Supplies,Appliances,"KitchenAid Stove, Silver",4624.29,9,0.1,1644.03,427.46,Medium
17907,ES-2011-3259196,13-10-2011,13-10-2011,Same Day,NB-18655,Nona Balk,Corporate,Hamburg,Hamburg,Germany,EU,Central,OFF-ST-10002900,Office Supplies,Storage,"Smead Lockers, Wire Frame",1066.446,6,0.1,-11.934,427.24,Critical
24361,IN-2013-48184,10-06-2013,10-06-2013,Same Day,NM-18445,Nathan Mautz,Home Office,Shenzhen,Guangdong,China,APAC,North Asia,TEC-CO-10003819,Technology,Copiers,"Sharp Copy Machine, High-Speed",957.6,4,0.0,0.0,427.1,Critical
29968,IN-2014-77017,13-12-2014,17-12-2014,Standard Class,TA-21385,Tom Ashbrook,Home Office,Launceston,Tasmania,Australia,APAC,Oceania,OFF-AP-10000675,Office Supplies,Appliances,"Hamilton Beach Stove, White",4864.32,10,0.1,162.12,426.09,Medium
39721,CA-2014-150091,13-10-2014,17-10-2014,Standard Class,NP-18670,Nora Paige,Consumer,Lakewood,New Jersey,United States,US,East,FUR-BO-10003404,Furniture,Bookcases,"Global Adaptabilites Bookcase, Cherry/Storm Gray Finish",2154.9,5,0.0,129.294,426.05,High
28875,ID-2014-31363,10-06-2014,11-06-2014,First Class,SC-20380,Shahid Collister,Consumer,Marikina,National Capital,Philippines,APAC,Southeast Asia,OFF-AP-10001824,Office Supplies,Appliances,"Breville Stove, Silver",1433.8395,3,0.15,-84.3705,424.81,High
48781,SF-2011-6380,15-02-2011,16-02-2011,First Class,PA-9060,Pete Armstrong,Home Office,Johannesburg,Gauteng,South Africa,Africa,Africa,OFF-SME-10000746,Office Supplies,Storage,"Smead Lockers, Industrial",2784.6,14,0.0,779.52,422.25,Critical
15922,ES-2013-1692384,28-11-2013,04-12-2013,Standard Class,RB-19570,Rob Beeghly,Consumer,Barakaldo,Basque Country,Spain,EU,South,FUR-BO-10004999,Furniture,Bookcases,"Safco Classic Bookcase, Metal",3063.27,7,0.0,1470.21,419.38,Low
39211,CA-2014-165323,18-06-2014,22-06-2014,Standard Class,SR-20740,Steven Roelle,Home Office,New York City,New York,United States,US,East,TEC-MA-10003673,Technology,Machines,Hewlett-Packard Desktjet 6988DT Refurbished Printer,3404.5,5,0.0,1668.205,419.06,High
33317,CA-2013-168354,20-09-2013,22-09-2013,First Class,RH-19510,Rick Huthwaite,Home Office,Providence,Rhode Island,United States,US,East,OFF-ST-10001490,Office Supplies,Storage,"Hot File 7-Pocket, Floor Stand",1606.23,9,0.0,481.869,418.26,High
2641,US-2011-158554,09-08-2011,09-08-2011,Same Day,LH-16750,Larry Hughes,Consumer,Santo Domingo,Santo Domingo,Dominican Republic,LATAM,Caribbean,TEC-PH-10004196,Technology,Phones,"Samsung Smart Phone, Cordless",2044.8,6,0.2,-332.28,417.99,High
36446,CA-2011-141796,21-06-2011,21-06-2011,Same Day,JG-15160,James Galang,Consumer,Long Beach,New York,United States,US,East,TEC-PH-10001578,Technology,Phones,Polycom SoundStation2 EX Conference phone,1214.85,3,0.0,352.3065,417.47,Critical
26068,IN-2012-12162,02-08-2012,04-08-2012,First Class,KB-16585,Ken Black,Corporate,Qingdao,Shandong,China,APAC,North Asia,TEC-CO-10000208,Technology,Copiers,"Brother Wireless Fax, Color",1521.0,4,0.0,0.0,416.74,High
10306,ES-2012-2510515,19-06-2012,19-06-2012,Same Day,LH-17155,Logan Haushalter,Consumer,Le Bouscat,Aquitaine,France,EU,Central,OFF-AP-10002330,Office Supplies,Appliances,"Hamilton Beach Stove, Silver",2443.905,5,0.1,760.305,416.33,High
33836,CA-2012-113404,16-07-2012,16-07-2012,Same Day,EM-13810,Eleni McCrary,Corporate,San Francisco,California,United States,US,West,FUR-CH-10003312,Furniture,Chairs,Hon 2090 Pillow Soft Series Mid Back Swivel/Tilt Chairs,1348.704,6,0.2,-219.1644,415.69,Critical
44140,IR-2013-8520,02-08-2013,02-08-2013,Same Day,MZ-7515,Mary Zewe,Corporate,Shiraz,Fars,Iran,EMEA,EMEA,TEC-EPS-10000053,Technology,Machines,"Epson Receipt Printer, Red",1141.8,10,0.0,570.9,415.01,Critical
29226,IN-2014-68463,22-05-2014,25-05-2014,Second Class,DM-13345,Denise Monton,Corporate,Bokaro,Jharkhand,India,APAC,Central Asia,OFF-ST-10004060,Office Supplies,Storage,"Fellowes Lockers, Blue",1865.97,9,0.0,802.17,413.95,Critical
27720,ID-2011-64599,10-02-2011,15-02-2011,Standard Class,CA-11965,Carol Adams,Corporate,Fuji,Shizuoka,Japan,APAC,North Asia,TEC-PH-10000303,Technology,Phones,"Samsung Smart Phone, VoIP",6998.64,11,0.0,2939.31,413.8,Medium
11073,ES-2013-4632541,27-09-2013,27-09-2013,Same Day,SC-20305,Sean Christensen,Consumer,Benidorm,Valenciana,Spain,EU,South,FUR-BO-10002708,Furniture,Bookcases,"Dania Library with Doors, Pine",1091.25,3,0.0,119.97,411.64,Critical
24030,IN-2014-23761,02-06-2014,04-06-2014,First Class,MH-18115,Mick Hernandez,Home Office,Kozhikode,Kerala,India,APAC,Central Asia,FUR-BO-10000210,Furniture,Bookcases,"Ikea Library with Doors, Pine",1094.22,3,0.0,328.23,411.06,Critical
30202,IN-2013-16964,30-09-2013,03-10-2013,First Class,KS-16300,Karen Seio,Corporate,Adelaide,South Australia,Australia,APAC,Oceania,FUR-BO-10001192,Furniture,Bookcases,"Bush Library with Doors, Mobile",1320.624,4,0.1,484.224,410.88,Critical
27230,IN-2011-76989,19-07-2011,20-07-2011,First Class,BG-11740,Bruce Geld,Consumer,Kuala Lumpur,Kuala Lumpur,Malaysia,APAC,Southeast Asia,TEC-PH-10004664,Technology,Phones,"Nokia Smart Phone, with Caller ID",2555.64,4,0.0,664.44,410.22,High
51284,RS-2014-4620,14-08-2014,16-08-2014,Second Class,CR-2625,Corey Roper,Home Office,Astrakhan',Astrakhan',Russia,EMEA,EMEA,FUR-SAU-10002255,Furniture,Bookcases,"Sauder Classic Bookcase, Pine",3498.72,8,0.0,594.72,410.05,Medium
33283,CA-2013-147417,26-07-2013,28-07-2013,First Class,CB-12415,Christy Brittain,Consumer,Columbus,Ohio,United States,US,East,TEC-CO-10001449,Technology,Copiers,Hewlett Packard LaserJet 3310 Copier,1439.976,4,0.4,191.9968,408.79,Critical
28198,IN-2014-61393,31-10-2014,03-11-2014,First Class,DK-13090,Dave Kipp,Consumer,Xiangtan,Hunan,China,APAC,North Asia,TEC-CO-10001954,Technology,Copiers,"Brother Wireless Fax, Laser",2272.86,6,0.0,977.22,406.53,High
26028,IN-2013-13891,25-07-2013,30-07-2013,Standard Class,JL-15835,John Lee,Consumer,Shaoxing,Zhejiang,China,APAC,North Asia,TEC-PH-10003002,Technology,Phones,"Cisco Smart Phone, Full Size",5211.12,8,0.0,833.76,404.97,Medium
26325,IN-2014-32770,07-10-2014,11-10-2014,Standard Class,AP-10720,Anne Pryor,Home Office,Jabalpur,Madhya Pradesh,India,APAC,Central Asia,TEC-PH-10003856,Technology,Phones,"Motorola Smart Phone, with Caller ID",2582.16,4,0.0,361.44,404.08,High
21924,IN-2014-14780,17-10-2014,21-10-2014,Standard Class,CR-12820,Cyra Reiten,Home Office,Patna,Bihar,India,APAC,Central Asia,TEC-PH-10004664,Technology,Phones,"Nokia Smart Phone, with Caller ID",3194.55,5,0.0,830.55,403.97,High
30113,IN-2013-71585,03-12-2013,06-12-2013,Second Class,BF-11080,Bart Folk,Consumer,Adelaide,South Australia,Australia,APAC,Oceania,FUR-CH-10000974,Furniture,Chairs,"Harbour Creations Executive Leather Armchair, Black",1704.996,4,0.1,378.876,403.46,Critical
30105,IN-2014-20485,08-11-2014,10-11-2014,First Class,JM-15265,Janet Molinari,Corporate,Marikina,National Capital,Philippines,APAC,Southeast Asia,OFF-AP-10003866,Office Supplies,Appliances,"Breville Microwave, Red",1538.721,6,0.15,325.701,403.26,High
24363,IN-2013-48184,10-06-2013,10-06-2013,Same Day,NM-18445,Nathan Mautz,Home Office,Shenzhen,Guangdong,China,APAC,North Asia,FUR-CH-10003616,Furniture,Chairs,"Novimex Executive Leather Armchair, Adjustable",1381.32,3,0.0,593.91,403.15,Critical
19902,IT-2011-4771701,21-09-2011,23-09-2011,Second Class,TW-21025,Tamara Willingham,Home Office,La Baule-Escoublac,Pays de la Loire,France,EU,Central,FUR-BO-10004999,Furniture,Bookcases,"Safco Classic Bookcase, Metal",1181.547,3,0.1,498.807,401.25,Critical
13998,IT-2011-2876489,21-06-2011,24-06-2011,First Class,RB-19330,Randy Bradley,Consumer,Dijon,Burgundy,France,EU,Central,FUR-CH-10000479,Furniture,Chairs,"Harbour Creations Executive Leather Armchair, Adjustable",1696.248,4,0.1,734.928,401.13,High
34570,CA-2014-133865,09-05-2014,13-05-2014,Standard Class,PS-19045,Penelope Sewall,Home Office,Los Angeles,California,United States,US,West,TEC-CO-10001046,Technology,Copiers,Canon Imageclass D680 Copier / Fax,3359.952,6,0.2,1049.985,400.6,High
33100,CA-2014-158379,23-09-2014,27-09-2014,Second Class,JA-15970,Joseph Airdo,Consumer,Philadelphia,Pennsylvania,United States,US,East,OFF-SU-10002881,Office Supplies,Supplies,Martin Yale Chadless Opener Electric Letter Opener,4663.736,7,0.2,-1049.3406,400.04,Medium
47087,SF-2014-2330,26-11-2014,29-11-2014,Second Class,AB-60,Adam Bellavance,Home Office,Cape Town,Western Cape,South Africa,Africa,Africa,OFF-HOO-10000318,Office Supplies,Appliances,"Hoover Microwave, Silver",1237.56,4,0.0,606.36,400.03,Critical
49833,EG-2012-4640,30-03-2012,01-04-2012,First Class,JR-5670,Jim Radford,Consumer,Cairo,Al Qahirah,Egypt,Africa,Africa,TEC-NOK-10001283,Technology,Phones,"Nokia Smart Phone, Full Size",1274.7,2,0.0,140.16,399.96,Critical
2080,MX-2011-138002,10-11-2011,15-11-2011,Second Class,MD-17350,Maribeth Dona,Consumer,Medellín,Antioquia,Colombia,LATAM,South,OFF-AP-10000407,Office Supplies,Appliances,"KitchenAid Refrigerator, Silver",3172.14,9,0.0,856.44,399.85,Medium
40567,US-2014-102183,22-08-2014,29-08-2014,Standard Class,PK-19075,Pete Kriz,Consumer,New York City,New York,United States,US,East,OFF-BI-10001359,Office Supplies,Binders,GBC DocuBind TL300 Electric Binding System,4305.552,6,0.2,1453.1238,398.64,Medium
10303,ES-2012-5113958,01-08-2012,06-08-2012,Second Class,EB-13840,Ellis Ballard,Corporate,West Bromwich,England,United Kingdom,EU,North,OFF-AP-10004512,Office Supplies,Appliances,"Hoover Stove, Red",3979.29,7,0.0,1989.54,398.5,Medium
33353,CA-2014-120376,23-12-2014,26-12-2014,First Class,TP-21130,Theone Pippenger,Consumer,Detroit,Michigan,United States,US,Central,FUR-CH-10002335,Furniture,Chairs,Hon GuestStacker Chair,1586.69,7,0.0,412.5394,397.52,High
34866,CA-2014-168109,04-07-2014,04-07-2014,Same Day,JK-15640,Jim Kriz,Home Office,Seattle,Washington,United States,US,West,TEC-MA-10001148,Technology,Machines,Okidata MB491 Multifunction Printer,2395.2,6,0.2,209.58,396.92,High
35687,CA-2014-111556,21-11-2014,23-11-2014,First Class,CD-11920,Carlos Daly,Consumer,New York City,New York,United States,US,East,TEC-PH-10001459,Technology,Phones,Samsung Galaxy Mega 6.3,1259.97,3,0.0,327.5922,394.57,Critical
41838,AJ-2013-2640,23-01-2013,27-01-2013,Standard Class,JL-5835,John Lee,Consumer,Baku,Baki,Azerbaijan,EMEA,EMEA,FUR-BAR-10004434,Furniture,Tables,"Barricks Wood Table, Rectangular",2058.0,4,0.0,946.68,393.62,High
28110,IN-2011-67651,21-05-2011,25-05-2011,Second Class,EP-13915,Emily Phan,Consumer,Jakarta,Jakarta,Indonesia,APAC,Southeast Asia,FUR-BO-10002444,Furniture,Bookcases,"Sauder Library with Doors, Mobile",2539.8765,7,0.07,709.9365,393.58,High
12449,ES-2014-4957212,28-09-2014,01-10-2014,First Class,MS-17770,Maxwell Schwartz,Consumer,Burnley,England,United Kingdom,EU,North,FUR-BO-10004709,Furniture,Bookcases,"Bush Classic Bookcase, Pine",2898.21,7,0.0,1420.02,393.46,High
17848,IT-2011-3528798,06-11-2011,08-11-2011,First Class,CM-12655,Corinna Mitchell,Home Office,Laval,Pays de la Loire,France,EU,Central,TEC-MA-10004772,Technology,Machines,"Konica Inkjet, White",1320.0075,5,0.15,357.1575,390.2,Critical
46219,LH-2014-5390,28-01-2014,30-01-2014,Second Class,JC-6105,Julie Creighton,Corporate,Vilnius,Vilnius,Lithuania,EMEA,EMEA,FUR-BAR-10003532,Furniture,Tables,"Barricks Conference Table, Rectangular",2171.16,8,0.7,-2750.28,390.09,High
26932,IN-2014-32588,13-09-2014,19-09-2014,Standard Class,GB-14530,George Bell,Corporate,Brisbane,Queensland,Australia,APAC,Oceania,TEC-CO-10002911,Technology,Copiers,"Hewlett Wireless Fax, Laser",4448.223,13,0.1,444.483,386.38,Medium
38178,CA-2012-137113,01-12-2012,05-12-2012,Second Class,TW-21025,Tamara Willingham,Home Office,Seattle,Washington,United States,US,West,FUR-TA-10001705,Furniture,Tables,Bush Advantage Collection Round Conference Table,1913.4,9,0.0,401.814,386.21,High
4817,US-2011-161760,22-12-2011,24-12-2011,First Class,JH-16180,Justin Hirsh,Consumer,Buenos Aires,Buenos Aires,Argentina,LATAM,South,TEC-PH-10000169,Technology,Phones,"Apple Smart Phone, with Caller ID",2300.616,9,0.4,38.196,386.0,High
50593,EG-2013-4530,05-02-2013,07-02-2013,Second Class,MT-8070,Michelle Tran,Home Office,Girga,Suhaj,Egypt,Africa,Africa,FUR-SAU-10004653,Furniture,Bookcases,"Sauder Classic Bookcase, Traditional",2615.94,6,0.0,1072.44,384.41,Critical
25445,IN-2011-51964,28-12-2011,29-12-2011,First Class,AB-10105,Adrian Barton,Consumer,Kochi,Kerala,India,APAC,Central Asia,TEC-CO-10002526,Technology,Copiers,"Sharp Wireless Fax, Digital",1066.68,3,0.0,394.65,383.68,Critical
36467,CA-2013-122903,28-05-2013,30-05-2013,Second Class,LA-16780,Laura Armstrong,Corporate,Detroit,Michigan,United States,US,Central,FUR-CH-10002024,Furniture,Chairs,HON 5400 Series Task Chairs for Big and Tall,3504.9,5,0.0,700.98,383.35,High
50000,LT-2011-270,27-04-2011,30-04-2011,First Class,CV-2805,Cynthia Voltz,Corporate,Maseru,Maseru,Lesotho,Africa,Africa,TEC-NOK-10004339,Technology,Phones,"Nokia Smart Phone, Cordless",2544.6,4,0.0,814.2,383.01,High
30934,IN-2011-86278,06-10-2011,11-10-2011,Standard Class,NH-18610,Nicole Hansen,Corporate,Wellington,Wellington,New Zealand,APAC,Oceania,FUR-TA-10000022,Furniture,Tables,"Hon Conference Table, Adjustable Height",3694.68,4,0.0,886.68,382.77,High
21667,ID-2013-17055,24-08-2013,26-08-2013,Second Class,HJ-14875,Heather Jas,Home Office,Luoyang,Henan,China,APAC,North Asia,FUR-TA-10002153,Furniture,Tables,"Lesro Round Table, with Bottom Storage",2214.849,7,0.3,-221.571,382.1,Critical
8870,MX-2013-151764,21-09-2013,24-09-2013,Second Class,JL-15175,James Lanier,Home Office,Feira de Santana,Bahia,Brazil,LATAM,South,FUR-CH-10000843,Furniture,Chairs,"SAFCO Executive Leather Armchair, Set of Two",1236.48,4,0.0,111.28,381.22,Critical
1899,MX-2014-124744,17-12-2014,19-12-2014,First Class,MY-18295,Muhammed Yedwab,Corporate,Matagalpa,Matagalpa,Nicaragua,LATAM,Central,OFF-AP-10002681,Office Supplies,Appliances,"Hamilton Beach Stove, Black",1805.9,5,0.0,126.4,381.14,Critical
31559,US-2011-106992,19-09-2011,21-09-2011,Second Class,SB-20290,Sean Braxton,Corporate,Houston,Texas,United States,US,Central,TEC-MA-10000822,Technology,Machines,Lexmark MX611dhe Monochrome Laser Printer,3059.982,3,0.4,-509.997,380.77,Medium
34867,CA-2014-168109,04-07-2014,04-07-2014,Same Day,JK-15640,Jim Kriz,Home Office,Seattle,Washington,United States,US,West,TEC-AC-10002049,Technology,Accessories,Plantronics Savi W720 Multi-Device Wireless Headset System,1687.8,4,0.0,742.632,379.56,High
32291,CA-2011-117639,21-05-2011,25-05-2011,Standard Class,MW-18235,Mitch Willingham,Corporate,Virginia Beach,Virginia,United States,US,South,OFF-BI-10003925,Office Supplies,Binders,Fellowes PB300 Plastic Comb Binding Machine,2715.93,7,0.0,1276.4871,378.83,High
9857,MX-2014-140305,03-06-2014,07-06-2014,Standard Class,KC-16540,Kelly Collister,Consumer,Managua,Managua,Nicaragua,LATAM,Central,OFF-AP-10004627,Office Supplies,Appliances,"Hamilton Beach Stove, Silver",1810.3,5,0.0,54.3,378.26,High
2398,MX-2014-113845,12-09-2014,14-09-2014,First Class,CS-12460,Chuck Sachs,Consumer,Managua,Managua,Nicaragua,LATAM,Central,TEC-PH-10001076,Technology,Phones,"Nokia Smart Phone, Cordless",2120.5,5,0.0,106.0,377.7,Critical
20610,IN-2014-61932,17-04-2014,17-04-2014,Same Day,HA-14920,Helen Andreada,Consumer,Wuhai,Inner Mongolia,China,APAC,North Asia,TEC-PH-10001457,Technology,Phones,"Apple Smart Phone, Full Size",1275.0,2,0.0,140.22,377.58,Critical
19446,ES-2012-4589770,21-11-2012,24-11-2012,Second Class,MT-17815,Meg Tillman,Consumer,Nantes,Pays de la Loire,France,EU,Central,TEC-MA-10004534,Technology,Machines,"Konica Printer, Wireless",1593.648,7,0.15,-225.162,377.03,Critical
11606,ES-2014-1331794,06-03-2014,08-03-2014,First Class,FW-14395,Fred Wasserman,Corporate,Strasbourg,Alsace,France,EU,Central,FUR-BO-10003991,Furniture,Bookcases,"Bush Classic Bookcase, Traditional",1114.236,3,0.1,383.706,376.88,Critical
16161,ES-2012-4621754,23-07-2012,28-07-2012,Standard Class,BH-11710,Brosina Hoffman,Consumer,Berlin,Berlin,Germany,EU,Central,TEC-PH-10002623,Technology,Phones,"Cisco Smart Phone, with Caller ID",2944.08,5,0.1,1112.13,376.58,High
25761,ID-2014-41191,07-11-2014,09-11-2014,First Class,DK-12895,Dana Kaydos,Consumer,Surabaya,Jawa Timur,Indonesia,APAC,Southeast Asia,OFF-AP-10002793,Office Supplies,Appliances,"KitchenAid Stove, Black",3309.2598,7,0.17,318.8598,374.8,High
6594,MX-2014-128405,22-11-2014,24-11-2014,First Class,KD-16270,Karen Daniels,Consumer,Tupã,São Paulo,Brazil,LATAM,South,FUR-CH-10002093,Furniture,Chairs,"Harbour Creations Rocking Chair, Adjustable",897.48,9,0.0,322.92,374.38,Critical
17380,ES-2011-1858721,11-06-2011,14-06-2011,First Class,SC-20845,Sung Chung,Consumer,Vienna,Vienna,Austria,EU,Central,FUR-BO-10003103,Furniture,Bookcases,"Ikea Classic Bookcase, Metal",2056.05,5,0.0,390.6,372.5,High
3503,MX-2012-168865,14-09-2012,19-09-2012,Standard Class,CY-12745,Craig Yedwab,Corporate,Mexico City,Distrito Federal,Mexico,LATAM,North,TEC-CO-10001818,Technology,Copiers,"Sharp Wireless Fax, Digital",2365.6592,10,0.002,18.8592,372.32,High
23537,IN-2011-52279,25-11-2011,25-11-2011,Same Day,HL-15040,Hunter Lopez,Consumer,Hobart,Tasmania,Australia,APAC,Oceania,TEC-CO-10002040,Technology,Copiers,"Brother Fax Machine, Digital",1336.356,7,0.4,44.436,371.74,Critical
26037,IN-2012-14724,10-08-2012,12-08-2012,First Class,CT-11995,Carol Triggs,Consumer,Hirakata,Osaka,Japan,APAC,North Asia,TEC-CO-10001654,Technology,Copiers,"Hewlett Wireless Fax, Digital",3038.64,8,0.0,1245.84,371.51,High
20266,ES-2013-3042991,20-03-2013,23-03-2013,Second Class,CC-12370,Christopher Conant,Consumer,Preston,England,United Kingdom,EU,North,OFF-AP-10002397,Office Supplies,Appliances,"Breville Microwave, White",2698.65,9,0.0,890.46,369.98,High
42956,LT-2013-3900,30-12-2013,04-01-2014,Standard Class,GR-4560,Georgia Rosenberg,Corporate,Maseru,Maseru,Lesotho,Africa,Africa,TEC-CAN-10001853,Technology,Copiers,"Canon Fax Machine, High-Speed",3799.08,12,0.0,455.76,369.73,Medium
21995,IN-2012-18518,04-10-2012,09-10-2012,Standard Class,TT-21070,Ted Trevino,Consumer,Agra,Uttar Pradesh,India,APAC,Central Asia,FUR-CH-10001207,Furniture,Chairs,"Hon Executive Leather Armchair, Red",2756.34,6,0.0,413.28,369.4,High
15570,IT-2012-4058325,06-08-2012,07-08-2012,First Class,PO-19195,Phillina Ober,Home Office,Granollers,Catalonia,Spain,EU,South,TEC-PH-10002597,Technology,Phones,"Apple Signal Booster, with Caller ID",983.88,8,0.1,-11.16,369.17,Critical
25831,IN-2012-42220,02-10-2012,02-10-2012,Same Day,ED-13885,Emily Ducich,Home Office,Ho Chi Minh City,Ho Chí Minh City,Vietnam,APAC,Southeast Asia,FUR-CH-10003232,Furniture,Chairs,"Harbour Creations Executive Leather Armchair, Adjustable",1719.807,5,0.27,117.657,368.44,High
29383,IN-2014-17972,26-03-2014,29-03-2014,First Class,AP-10915,Arthur Prichep,Consumer,Jakarta,Jakarta,Indonesia,APAC,Southeast Asia,OFF-AP-10003917,Office Supplies,Appliances,"KitchenAid Stove, Silver",1421.541,3,0.17,428.121,367.57,Critical
879,MX-2014-151554,21-11-2014,21-11-2014,Same Day,TM-21490,Tony Molinari,Consumer,Camagüey,Camagüey,Cuba,LATAM,Caribbean,TEC-CO-10002617,Technology,Copiers,"Brother Fax Machine, High-Speed",1053.6884,5,0.002,441.2884,367.55,High
16997,IT-2011-3270900,30-11-2011,01-12-2011,First Class,AW-10840,Anthony Witt,Consumer,Amsterdam,North Holland,Netherlands,EU,Central,TEC-CO-10000556,Technology,Copiers,"HP Wireless Fax, Laser",1440.84,8,0.5,-1268.04,367.35,Critical
21287,IN-2011-28087,03-11-2011,05-11-2011,Second Class,DP-13105,Dave Poirier,Corporate,Gold Coast,Queensland,Australia,APAC,Oceania,FUR-CH-10003232,Furniture,Chairs,"Harbour Creations Executive Leather Armchair, Adjustable",2544.372,6,0.1,621.792,366.89,Critical
38876,CA-2012-123113,23-11-2012,27-11-2012,Second Class,AT-10735,Annie Thurman,Consumer,Morristown,New Jersey,United States,US,East,OFF-AP-10000275,Office Supplies,Appliances,"Sanyo Counter Height Refrigerator with Crisper, 3.6 Cubic Foot, Stainless Steel/Black",2625.12,8,0.0,735.0336,366.72,Medium
47029,RO-2012-9480,06-12-2012,06-12-2012,Same Day,SG-10605,Speros Goranitis,Consumer,Piatra-Neamt,Neamt,Romania,EMEA,EMEA,TEC-HEW-10003460,Technology,Copiers,"Hewlett Fax and Copier, Color",1554.48,8,0.0,341.76,366.58,High
8378,MX-2013-109981,03-12-2013,04-12-2013,First Class,BM-11785,Bryan Mills,Consumer,Milpa Alta,Distrito Federal,Mexico,LATAM,North,TEC-PH-10004196,Technology,Phones,"Samsung Smart Phone, Cordless",1278.0,3,0.0,89.46,365.9,High
2496,MX-2012-130351,20-12-2012,24-12-2012,Standard Class,FH-14365,Fred Hopkins,Corporate,Mexico City,Distrito Federal,Mexico,LATAM,North,TEC-PH-10002672,Technology,Phones,"Cisco Smart Phone, Full Size",3474.08,8,0.0,625.28,365.65,High
990,MX-2012-135076,13-09-2012,15-09-2012,Second Class,DK-13375,Dennis Kane,Consumer,León,Guanajuato,Mexico,LATAM,North,TEC-PH-10000106,Technology,Phones,"Apple Smart Phone, Full Size",2550.0,6,0.0,357.0,365.2,Medium
33773,CA-2013-114972,04-11-2013,07-11-2013,First Class,PF-19225,Phillip Flathmann,Consumer,Los Angeles,California,United States,US,West,OFF-AP-10003057,Office Supplies,Appliances,Honeywell Enviracaire Portable HEPA Air Cleaner for 16' x 20' Room,1101.48,4,0.0,429.5772,364.76,Critical
33536,CA-2013-146633,16-11-2013,18-11-2013,Second Class,TG-21310,Toby Gnade,Consumer,Los Angeles,California,United States,US,West,OFF-BI-10003527,Office Supplies,Binders,Fellowes PB500 Electric Punch Plastic Comb Binding Machine with Manual Bind,1016.792,1,0.2,381.297,363.87,Critical
32050,CA-2013-110499,08-04-2013,10-04-2013,First Class,YC-21895,Yoseph Carroll,Corporate,San Francisco,California,United States,US,West,TEC-CO-10002095,Technology,Copiers,Hewlett Packard 610 Color Digital Copier / Printer,1199.976,3,0.2,374.9925,363.78,High
43395,TU-2012-2690,23-05-2012,26-05-2012,First Class,SF-10200,Sarah Foster,Consumer,Izmir,Izmir,Turkey,EMEA,EMEA,TEC-SAM-10000345,Technology,Phones,"Samsung Audio Dock, with Caller ID",934.248,14,0.6,-1331.652,363.73,High
35487,CA-2014-166709,18-11-2014,23-11-2014,Standard Class,HL-15040,Hunter Lopez,Consumer,Newark,Delaware,United States,US,East,TEC-CO-10004722,Technology,Copiers,Canon imageCLASS 2200 Advanced Copier,10499.97,3,0.0,5039.9856,363.19,Medium
46991,SG-2014-9460,14-04-2014,17-04-2014,Second Class,JW-5220,Jane Waco,Corporate,Dakar,Dakar,Senegal,Africa,Africa,TEC-CIS-10002259,Technology,Phones,"Cisco Smart Phone, Cordless",3908.88,6,0.0,1563.48,363.16,Medium
9711,MX-2014-164217,29-08-2014,02-09-2014,Standard Class,CC-12100,Chad Cunningham,Home Office,Coyoacán,Distrito Federal,Mexico,LATAM,North,TEC-PH-10004182,Technology,Phones,"Motorola Smart Phone, Full Size",2142.3,5,0.0,556.9,363.1,High
31138,ID-2014-80657,16-05-2014,18-05-2014,Second Class,RD-19930,Russell D'Ascenzo,Consumer,Manukau City,Auckland,New Zealand,APAC,Oceania,OFF-AP-10004350,Office Supplies,Appliances,"KitchenAid Refrigerator, Red",1900.584,6,0.4,-348.516,360.04,High
46655,CM-2012-6440,13-12-2012,15-12-2012,First Class,BP-1230,Benjamin Patterson,Consumer,Yaounde,Centre,Cameroon,Africa,Africa,OFF-HOO-10000335,Office Supplies,Appliances,"Hoover Microwave, White",1840.68,6,0.0,496.98,359.58,Critical
10365,ES-2011-5287434,31-03-2011,04-04-2011,Standard Class,SA-20830,Sue Ann Reed,Consumer,Newcastle upon Tyne,England,United Kingdom,EU,North,FUR-BO-10004129,Furniture,Bookcases,"Sauder Classic Bookcase, Pine",2624.04,6,0.0,446.04,359.28,High
21500,IN-2012-79439,04-02-2012,08-02-2012,Second Class,EM-13810,Eleni McCrary,Corporate,Dehra Dun,Uttarakhand,India,APAC,Central Asia,FUR-BO-10001372,Furniture,Bookcases,"Safco Classic Bookcase, Pine",3076.5,7,0.0,215.25,359.27,Medium
28108,IN-2013-58929,29-05-2013,01-06-2013,Second Class,CS-12175,Charles Sheldon,Corporate,Bangkok,Bangkok,Thailand,APAC,Southeast Asia,TEC-PH-10004664,Technology,Phones,"Nokia Smart Phone, with Caller ID",3181.7718,6,0.17,344.9718,359.09,Medium
16456,IT-2012-2646674,29-08-2012,01-09-2012,First Class,JD-16060,Julia Dunbar,Consumer,Santander,Cantabria,Spain,EU,South,OFF-ST-10004597,Office Supplies,Storage,"Rogers File Cart, Blue",1392.633,11,0.1,-139.557,358.96,Critical
23791,IN-2011-63577,15-06-2011,17-06-2011,First Class,GH-14665,Greg Hansen,Consumer,Cangzhou,Hebei,China,APAC,North Asia,FUR-CH-10001664,Furniture,Chairs,"Novimex Swivel Stool, Black",1296.24,8,0.0,285.12,358.85,Critical
28128,IN-2014-16068,28-08-2014,31-08-2014,First Class,CM-11935,Carlos Meador,Consumer,Shanghai,Shanghai,China,APAC,North Asia,OFF-AP-10003240,Office Supplies,Appliances,"Breville Stove, Black",1682.91,3,0.0,487.98,358.51,Medium
4585,MX-2011-150973,27-10-2011,28-10-2011,First Class,JB-16000,Joy Bell-,Consumer,León,León,Nicaragua,LATAM,Central,TEC-PH-10004196,Technology,Phones,"Samsung Smart Phone, Cordless",1278.0,3,0.0,89.46,358.18,Critical
41299,RS-2014-4120,19-03-2014,23-03-2014,Second Class,RB-9465,Rick Bensley,Home Office,Rybinsk,Yaroslavl',Russia,EMEA,EMEA,TEC-MOT-10003348,Technology,Phones,"Motorola Smart Phone, Full Size",2570.76,4,0.0,976.8,357.89,Medium
8753,MX-2014-154935,11-09-2014,18-09-2014,Standard Class,RB-19795,Ross Baird,Home Office,Ibiúna,São Paulo,Brazil,LATAM,South,FUR-TA-10000136,Furniture,Tables,"Chromcraft Conference Table, Adjustable Height",2332.96,5,0.2,349.86,357.79,Low